date,United States,Euro Area,Canada,Australia,Switzerland,United Kingdom,Japan,Norway,New Zealand,Sweden
2000-02-01,0.004875450125906955,0.0029006085710772123,0.004332744469131455,0.004709415724342136,0.0020123034234469372,0.004985341134644106,,0.004780610282879572,0.0048122345057812765,0.0031933138078821255
2000-03-01,0.004978082301133391,0.0030701246289526196,0.004395498661557751,0.004780610282879572,0.0023485905796301054,0.004982658589443689,,0.004867550565343048,0.005072717471196864,0.003321961347044766
2000-04-01,0.005088480474269685,0.0032136682822474505,0.004481616148039436,0.004899144709827663,0.002663410866920346,0.005035584852331354,,0.005049067866526036,0.005253828040859609,0.0032657003754898994
2000-05-01,0.005426729025252097,0.0035642902395478515,0.004769539217752028,0.005112119881269139,0.0025959465680680527,0.005048200598003705,,0.00526169427684775,0.00547382712832345,0.0032415779026344627
2000-06-01,0.005442431089579092,0.003676170033972692,0.004794447227597143,0.005049067866526036,0.0027874252104072017,0.004979897063579708,,0.0054345803945961,0.005560110673283658,0.0032254927088173346
2000-07-01,0.005395316801844352,0.003741136676439716,0.004768748376037024,0.005025412138836227,0.002822437972181291,0.00495803861393207,,0.005583628421450104,0.005520900976184739,0.0032978537514263273
2000-08-01,0.005348178215298871,0.003896325229707953,0.004785354614340154,0.005253828040859609,0.002860134581982532,0.004975320636939395,,0.00574808347996969,0.005450281110322308,0.0032737397821989145
2000-09-01,0.005340319419983031,0.0039567469873420524,0.004745019940111339,0.0053167389786501484,0.0029395073797822135,0.004961589981414383,,0.005912243269630357,0.005387462058878523,0.0032254927088173346
2000-10-01,0.005395316801844352,0.0041070291704612405,0.0047410646014303115,0.005190873765118953,0.00286417229173197,0.004931517372193328,,0.006060515290066126,0.005379606640824264,0.0032657003754898994
2000-11-01,0.005379606640824264,0.0041474077071297355,0.004769539217752028,0.005127876088958594,0.002853399284193925,0.004868103556818104,,0.005990311139919768,0.005371750547560561,0.0032737397821989145
2000-12-01,0.0052223563241342585,0.004025660359370464,0.004671818433592545,0.005025412138836227,0.002765867856804771,0.004779186935388591,,0.005982507351152577,0.005426729025252097,0.003329995796502061
2001-01-01,0.004566859904807208,0.003891215082897581,0.004449480410420925,0.00479642376289191,0.002806278663769479,0.004681080676614657,,0.005974702896422324,0.005285288923099429,0.003329995796502061
2001-02-01,0.004281078909445624,0.0038793169137014694,0.004225406358911998,0.004543078952765622,0.0028130093637781517,0.004618680925683849,,0.005904432815877936,0.005245961127715804,0.0033540948994528197
2001-03-01,0.003986424401280164,0.0038416158255856203,0.003834744881765939,0.004185619455328249,0.002729482807901862,0.004450274021612799,,0.005959091988595899,0.005064834949770836,0.003321961347044766
2001-04-01,0.0036988176007033413,0.003820362161818913,0.003766806550707047,0.003962491756110298,0.0026080943135087242,0.004338545083217182,,0.006029320098462243,0.004843847784151478,0.0032254927088173346
2001-05-01,0.003289816470036566,0.0037841556156665845,0.003625172425791634,0.003986424401280164,0.002632384948421107,0.004211642052068365,,0.006005916720039028,0.004701501791267937,0.003281778480337616
2001-06-01,0.0030644845397465037,0.003637664271765928,0.003602746873047291,0.0040502141257032775,0.002658020740056166,0.004224610790747985,,0.005982507351152577,0.004725241533679592,0.003410301391423509
2001-07-01,0.003000001589411161,0.003648473142824349,0.003542651257466778,0.004105993588470858,0.0026202404401427515,0.004226758808879794,,0.0059434784154897,0.004701501791267937,0.003522610585598107
2001-08-01,0.0028547479987741653,0.0035574785209468995,0.003329995796502061,0.004034270873583212,0.0025932495489568996,0.004015852950963517,,0.005896621694972293,0.004733153410191093,0.003498555966724881
2001-09-01,0.0023607713389290907,0.0032599919665172727,0.0028608048541793885,0.0037148195588312394,0.001883147698873655,0.0037935882851383163,,0.005763730449537263,0.004527221543640936,0.003281778480337616
2001-10-01,0.0019049148747345424,0.0029515287579851,0.002349402680908552,0.0035626875279843873,0.0017252023849956277,0.003562206709024851,,0.005607140121025145,0.004193578223375516,0.003032248764614831
2001-11-01,0.0016761282769228725,0.002778558779617857,0.001855937535336194,0.003498555966724881,0.0016543063426528448,0.0032195404680170903,,0.0055757898442876375,0.003970470001804172,0.003032248764614831
2001-12-01,0.0015123566425381263,0.002745574876207524,0.0017476858494280822,0.003474495003497502,0.0015191836132719683,0.0032618412085470005,,0.005332459948850898,0.003962491756110298,0.0030403087768253734
2002-01-01,0.0014385631912894326,0.0027406424335714163,0.0016728557292164936,0.0034825160297176083,0.0014030144023795543,0.003256052151942246,,0.005119998324729869,0.003962491756110298,0.0030644845397465037
2002-02-01,0.001504160323205328,0.002755438960895251,0.0017517731557412652,0.003522610585598107,0.001437193347420651,0.0032580622826841044,,0.0053167389786501484,0.004018324836151166,0.0031691721789193217
2002-03-01,0.0015779006482814495,0.0027826809285422804,0.001843689084164879,0.0036427886369352347,0.0013523951645808552,0.0033226844764777663,,0.0054345803945961,0.004320824242364241,0.0033460625725758586
2002-04-01,0.001545134543319504,0.002795692764054669,0.001974254387329344,0.0037468150587982585,0.001299012149938772,0.003361002134890434,8.329516327321151e-05,0.00547382712832345,0.004614403239326048,0.003474495003497502
2002-05-01,0.001504160323205328,0.0028443292661084474,0.00214777954947043,0.003946533172173083,0.0010206427160042164,0.003337627868017279,6.66422347088691e-05,0.0055757898442876375,0.004733153410191093,0.0035065748777713956
2002-06-01,0.0014959632659397037,0.0028418253622004563,0.00228563070402088,0.004129888642202095,0.0010302504508852284,0.003363732758125071,7.496908027748717e-05,0.00574808347996969,0.0048359454901756305,0.003498555966724881
2002-07-01,0.0014795669370546438,0.0027981979353204345,0.0023607713389290907,0.004058184707589341,0.0006821597904800303,0.0032677102936027325,7.496908027748717e-05,0.005849740952645677,0.004867550565343048,0.0034825160297176083
2002-08-01,0.0014303602255574255,0.0027512347274456506,0.002421650724244495,0.004042242847743793,0.0006242439578545422,0.0032073130250585002,5.831462642125196e-05,0.005857556078974202,0.004764794064753053,0.0034263540299781514
2002-09-01,0.0014549669057570824,0.002717432112786078,0.002383098502980241,0.004010350772625237,0.0006214796233974251,0.003218655642300172,6.66422347088691e-05,0.005771552930306401,0.004756884928587057,0.003410301391423509
2002-10-01,0.0014303602255574255,0.0026779529074536512,0.0023705147741732713,0.003994400555316968,0.0006173412411494272,0.003194520721592209,6.66422347088691e-05,0.00574808347996969,0.004772702516142591,0.003329995796502061
2002-11-01,0.0011510186621450647,0.0025668663878268827,0.00233031638715131,0.003946533172173083,0.000618723481760286,0.003200635505596683,6.66422347088691e-05,0.005724608003748521,0.0047885173650881185,0.003201359597605702
2002-12-01,0.0011098666182609573,0.002418404850223821,0.0023526510136486767,0.0039385528336748354,0.0005124448979871854,0.003232570543604929,8.329516327321151e-05,0.005356036334919212,0.00480432947641507,0.0030080644524299593
2003-01-01,0.0010686959582126843,0.002329747797932269,0.0023623953171532097,0.003914607630530309,0.0005013900307619945,0.00320393410041242,8.329516327321151e-05,0.004859650321611619,0.004756884928587057,0.002991938013361173
2003-02-01,0.0010522224777222977,0.0022124613727703135,0.0024013621145706487,0.0038746849921291737,0.0004751479870550579,0.003023220705047569,7.496908027748717e-05,0.004622324722702187,0.004725241533679592,0.0029596765762076593
2003-03-01,0.0010192665680117674,0.0020842734756658654,0.002628336958784505,0.0038826709170549645,0.000260734105672622,0.0029385391461260735,6.66422347088691e-05,0.004463764356697375,0.00471732897177124,0.0027901164905321796
2003-04-01,0.0010275066643834485,0.0020869611681468836,0.002720586475496667,0.003906624499840028,0.00025657927572675376,0.0029322453767242074,6.66422347088691e-05,0.004281078909445624,0.004654003787317951,0.002806278663769479
2003-05-01,0.001011025725442094,0.001978739243957861,0.0027254391280759904,0.003898640670782605,0.0002344225171564407,0.0029245793014991417,6.66422347088691e-05,0.004010350772625237,0.004376438657516468,0.002612143202231909
2003-06-01,0.0008625627980207717,0.0017758028070082865,0.0026425041360678136,0.003810772422352615,0.00023995805727516917,0.0029275651126949853,7.496908027748717e-05,0.0033058903246372395,0.0042572234018702915,0.0023120385290706924
2003-07-01,0.0008708170963593886,0.0017579037712718293,0.0024743799799444854,0.003850723023570035,0.00023857835958485119,0.002806278663769479,7.496908027748717e-05,0.002830516552409401,0.004161738987171537,0.002206361275312263
2003-08-01,0.0008955754994564025,0.0017664042086091847,0.0023485905796301054,0.003930571797319926,0.00022195385012535596,0.0028319706208277395,7.496908027748717e-05,0.002579747055224013,0.004161738987171537,0.0022307592150201394
2003-09-01,0.0008955754994564025,0.0017720434840420296,0.002238890409957728,0.004002376012389508,0.00021156198803762294,0.002976695906834692,7.496908027748717e-05,0.0023120385290706924,0.004193578223375516,0.0022307592150201394
2003-10-01,0.000912077359674468,0.0017690195681725474,0.0022079880079026726,0.0040502141257032775,0.00020740491063886424,0.003054009162757998,7.496908027748717e-05,0.0023526510136486767,0.004225406358911998,0.0022470208793048396
2003-11-01,0.0009203271676554436,0.0017816049356924601,0.002281567282309993,0.004320824242364241,0.00022195385012535596,0.0032001527743967806,6.66422347088691e-05,0.0023770098189335176,0.004368495814748519,0.002238890409957728
2003-12-01,0.000912077359674468,0.001771226219384081,0.0022226272943570713,0.004447893167344841,0.00021640890030050208,0.003232731397103006,8.329516327321151e-05,0.002173820522552772,0.0043287712331259165,0.0022226272943570713
2004-01-01,0.0008790706459502751,0.00172479354334798,0.0020557627647992405,0.004511361380472367,0.00020532630066694146,0.0032624844143773757,7.496908027748717e-05,0.0018641022544263475,0.004352608056033658,0.0021412681429993086
2004-02-01,0.0008708170963593886,0.0017093379829025146,0.0019089951311190845,0.004527221543640936,0.00021502053159649925,0.003354898093238745,7.496908027748717e-05,0.0016597643621756308,0.004543078952765622,0.002027243128015721
2004-03-01,0.0008708170963593886,0.001675146524959814,0.0017807877568345454,0.004479632788001675,0.00020809499864316017,0.003460697188448547,6.66422347088691e-05,0.0015205522240770986,0.004503430265808905,0.001945709215699809
2004-04-01,0.0008955754994564025,0.0016915076759840275,0.0017108918350927649,0.004503430265808905,0.0002261102624447897,0.003537681581338825,6.66422347088691e-05,0.0016270277079681872,0.004543078952765622,0.0016679466871305504
2004-05-01,0.0009945418011427787,0.0017218498293007922,0.0017047580537850049,0.004479632788001675,0.00021640890030050208,0.003639185597713812,6.66422347088691e-05,0.0016433975062259965,0.0047885173650881185,0.0016433975062259965
2004-06-01,0.0012086002819180486,0.0017437618627735851,0.001736649205978713,0.004463764356697375,0.0004143295155680793,0.003859110428258594,7.496908027748717e-05,0.0016761282769228725,0.004922833149683781,0.001635212974954614
2004-07-01,0.001299012149938772,0.0017464596217613426,0.0017395106864210863,0.004439956538087042,0.00044059740363810995,0.0039033512144011073,7.496908027748717e-05,0.0016679466871305504,0.005064834949770836,0.0016433975062259965
2004-08-01,0.0013893343063426933,0.00174506987711176,0.0017640339741264999,0.004424081209781994,0.0005152042617388997,0.003989455421924637,7.496908027748717e-05,0.0016679466871305504,0.005214486701150101,0.0016433975062259965
2004-09-01,0.0015369411743291206,0.0017485850725567076,0.001978331538843303,0.004408203120921161,0.0005814701329551752,0.003973900433045907,7.496908027748717e-05,0.00161884170512816,0.005371750547560561,0.0016515813019202241
2004-10-01,0.0016843091316907088,0.0017720434840420296,0.0021168462230236607,0.004400263040968744,0.0006035507925561401,0.003941425835920498,7.496908027748717e-05,0.0016515813019202241,0.005458130456946764,0.0016433975062259965
2004-11-01,0.0018641022544263475,0.001790838547250928,0.002242955735321628,0.004416142510483834,0.0006145849741192588,0.003927299370669379,7.496908027748717e-05,0.0016433975062259965,0.0054345803945961,0.0016433975062259965
2004-12-01,0.0020190930200914003,0.0017932080842215647,0.002123359375175937,0.004400263040968744,0.0005952722081801198,0.003919157702588327,8.329516327321151e-05,0.0016433975062259965,0.005426729025252097,0.0016515813019202241
2005-01-01,0.002149407328374542,0.001770490674920966,0.0021168462230236607,0.004408203120921161,0.0006228618011265841,0.003918199811532519,8.329516327321151e-05,0.00161884170512816,0.005465979129573473,0.0016515813019202241
2005-02-01,0.0022795355034983533,0.0017647695707401212,0.0021249875904596482,0.004574785512881707,0.0006297558231231903,0.003932168060425623,8.329516327321151e-05,0.001586090332465151,0.005520900976184739,0.0016270277079681872
2005-03-01,0.002441934817957403,0.0017637887739350155,0.002173820522552772,0.00471732897177124,0.0006435505744648573,0.004009234348137047,6.66422347088691e-05,0.0016679466871305504,0.005646312854499902,0.0016270277079681872
2005-04-01,0.0025392356718625386,0.0017637887739350155,0.0021331282304062338,0.004669839200035719,0.0006311378751067132,0.003974937514783727,6.66422347088691e-05,0.0016924892515723933,0.005693297989595392,0.0016433975062259965
2005-05-01,0.0026445278387947635,0.0017543071935322008,0.002129058001360651,0.004614403239326048,0.0006228618011265841,0.003934801833513912,6.66422347088691e-05,0.001717025203279432,0.005693297989595392,0.001569710227413701
2005-06-01,0.0027739514514073527,0.0017423720769538242,0.0021282439337293457,0.004598558211035053,0.0006214796233974251,0.003896804291301903,7.496908027748717e-05,0.001774250061985505,0.005677638960706055,0.001364709877352599
2005-07-01,0.002927403719995114,0.0017492390474371788,0.0021677178372829786,0.004590634665871063,0.0006269999322361386,0.0037506537649933946,7.496908027748717e-05,0.0018314389855391688,0.005677638960706055,0.001225045484541054
2005-08-01,0.0030886538948657893,0.0017599472180733766,0.0022795355034983533,0.004566859904807208,0.0006311378751067132,0.003701218073330903,7.496908027748717e-05,0.001855937535336194,0.005677638960706055,0.001225045484541054
2005-09-01,0.0031691721789193217,0.0017653416973317793,0.002383098502980241,0.004566859904807208,0.0006559615803181096,0.0037035384701771257,7.496908027748717e-05,0.001937551809032545,0.005724608003748521,0.00121682325463901
2005-10-01,0.00337818763700648,0.001812325540947013,0.0025432876206055166,0.004574785512881707,0.0007055886783371434,0.003694816672648704,7.496908027748717e-05,0.0020190930200914003,0.005873184328144543,0.0012332669717645128
2005-11-01,0.003522610585598107,0.0019464433464673192,0.0027044091009371662,0.004574785512881707,0.0008377954090970086,0.00372393941945548,7.496908027748717e-05,0.0020924177544194844,0.006076108896733601,0.001249707718735893
2005-12-01,0.0036347816898771867,0.0020377556903059535,0.0028547479987741653,0.004574785512881707,0.0008377954090970086,0.003744415785418509,8.329516327321151e-05,0.00210056130513947,0.006169614748534613,0.0013975409693907093
2006-01-01,0.00372281948566644,0.0020693675598904004,0.0029536262857337015,0.004574785512881707,0.0008494947126305163,0.0037043385933388517,8.629236650192773e-05,0.0020761284687424997,0.006154037076622876,0.0015123566425381263
2006-02-01,0.003850723023570035,0.0021415937243758343,0.003066498897366543,0.004558933608846072,0.0009746169930944237,0.003691055640310692,9.162048384192545e-05,0.0021168462230236607,0.006068312425728806,0.0015942792801031391
2006-03-01,0.0039784475501516425,0.002241004401784208,0.0032190578368720413,0.004558933608846072,0.0010350621770103263,0.003695856930819863,0.0001045232243188643,0.002238890409957728,0.006037119893943066,0.00161884170512816
2006-04-01,0.004098027180359898,0.002298876200648392,0.003374172622639726,0.004622324722702187,0.0011098666182609573,0.003732818408001659,0.00011659187244639213,0.002320162474192866,0.006021519637730455,0.0016924892515723933
2006-05-01,0.004193578223375516,0.00237619796365518,0.0034889323429525554,0.004764794064753053,0.0011784402824199791,0.0037963059920167463,0.00022472204186096967,0.0024175933636538804,0.006037119893943066,0.0017415545459757986
2006-06-01,0.004352608056033658,0.00245467092122742,0.003620767841502115,0.0048359454901756305,0.0012579269787644787,0.003828912163026388,0.0002911998282955075,0.0024905982303202734,0.006021519637730455,0.0018232713376404863
2006-07-01,0.004439956538087042,0.002549122110338198,0.003586725245666944,0.004907041538955603,0.0012825803067024744,0.0038218005358245932,0.0003659292942366221,0.0025392356718625386,0.006029320098462243,0.0018804294971668245
2006-08-01,0.004376438657516468,0.0026497892556207603,0.0035498648217830997,0.005017525535028877,0.0013893343063426933,0.003991848261861053,0.00035928916115191,0.002652622200430388,0.006037119893943066,0.0020027906163269105
2006-09-01,0.004344663139834726,0.002737893087409793,0.0035266190721769952,0.0050332980619396395,0.0014966436497785285,0.004059699039467013,0.00036260928829778827,0.002765867856804771,0.006091699845242049,0.0020924177544194844
2006-10-01,0.0043367175322408524,0.00287251363375729,0.003538643475265779,0.005088480474269685,0.0015369411743291206,0.004146531833730371,0.00037173901300202594,0.0028547479987741653,0.006169614748534613,0.002255150623197144
2006-11-01,0.0043287712331259165,0.002949350505017767,0.00352742074835799,0.005159380356001053,0.0016106549662961989,0.0042167342918353334,0.00041737389380047674,0.0029677430057029053,0.006130665593282458,0.0023851279739270925
2006-12-01,0.0043287712331259165,0.0030195124930438855,0.0035326314718275853,0.005175128417311603,0.0017354228296928564,0.004269390489586522,0.0004488900773715887,0.0031128168457330574,0.006169614748534613,0.0024662697723036864
2007-01-01,0.0043287712331259165,0.003074072483844059,0.0035418497151114003,0.005206616400400987,0.0018069338440696026,0.004435591097938563,0.0004488900773715887,0.0032576602600797866,0.006200762135853077,0.002636432758290619
2007-02-01,0.004320824242364241,0.0031274725829470995,0.0035546735478100278,0.005159380356001053,0.0018314389855391688,0.004491373652124597,0.00054834323189068,0.003434379290046863,0.006239681461285729,0.0027011732814758993
2007-03-01,0.004312876559829704,0.003185991522317577,0.003550666293722804,0.005206616400400987,0.001892673008752288,0.004474951887510237,0.00054834323189068,0.0036187656874400176,0.0063407942831432695,0.0026769009734601834
2007-04-01,0.004320824242364241,0.003253881160979244,0.003550666293722804,0.005245961127715804,0.001937551809032545,0.004555604359384846,0.0005400596211888598,0.003706818930553135,0.006418497402243206,0.0027416127712427407
2007-05-01,0.004320824242364241,0.003331120562952039,0.003573905917717113,0.005159380356001053,0.0020353925068166134,0.004647748042775568,0.0005566260882747809,0.00375481218114615,0.006503894681722633,0.0027901164905321796
2007-06-01,0.0043367175322408524,0.003392479653872016,0.0037028183533327486,0.005198745421764572,0.0022226272943570713,0.004736950867500367,0.0006063073939419628,0.0038746849921291737,0.006682195504955635,0.002830516552409401
2007-07-01,0.0043287712331259165,0.0034473787132141,0.0038067764001290527,0.0052380935372950965,0.002228726302896611,0.004850880250896195,0.0006394131962033089,0.003986424401280164,0.006775084298278777,0.002895119436268523
2007-08-01,0.004463764356697375,0.0037096992375476034,0.004010350772625237,0.005458130456946764,0.002382424708631703,0.005134886727953258,0.0006973193751587115,0.00421745036527299,0.006991458915456494,0.002935473005047262
2007-09-01,0.004439956538087042,0.0038680561436832406,0.004159748666147101,0.005607140121025145,0.0022917254968366496,0.005325621659128199,0.0007055886783371434,0.004479632788001675,0.0070608994227128186,0.0029677430057029053
2007-10-01,0.004137852270334363,0.0038246772158234688,0.003994400555316968,0.005583628421450104,0.0022659864439975586,0.00503503287368412,0.0007055886783371434,0.004606481068812007,0.006960579552361734,0.003120869740134813
2007-11-01,0.0040502141257032775,0.003785594560474781,0.0038866636174783586,0.005771552930306401,0.0022592152231402096,0.00514867012385789,0.0007221250300475379,0.004693587172424518,0.006999177128982348,0.003289816470036566
2007-12-01,0.004090060076936908,0.003953236117301362,0.003906624499840028,0.005880997451224834,0.002268701293987485,0.005146937468340385,0.0007138572299192347,0.0048359454901756305,0.007130287299957683,0.0033701574315379013
2008-01-01,0.0031450241575170512,0.003660001194091489,0.0035049711519501425,0.005795016357992067,0.0021846660196855883,0.004556634854330444,0.0007055886783371434,0.004701501791267937,0.007014611604140075,0.003362126519063313
2008-02-01,0.0025149201956327083,0.0035643703743870603,0.0031752081853131386,0.006192976283291518,0.002301208183839165,0.004557586070113473,0.0007055886783371434,0.00479642376289191,0.007068611784338152,0.003442403844149622
2008-03-01,0.0022957884655714356,0.00375193329783996,0.002929421108210928,0.006356340187460896,0.0023729504702099113,0.004753325593871205,0.0006973193751587115,0.005009638250394799,0.007137993818951749,0.0034664732719604796
2008-04-01,0.002344529964669828,0.003901435090399863,0.0028353633569497827,0.006309694547193212,0.0023106817596527662,0.0047854336844435075,0.0006973193751587115,0.005104240758453837,0.007107163850173404,0.0033862171355991677
2008-05-01,0.002190092351739059,0.003960417297988794,0.002587847171547919,0.006239681461285729,0.00228563070402088,0.004704113464988113,0.0006973193751587115,0.005245961127715804,0.0069837400511463255,0.003362126519063313
2008-06-01,0.002271407935158676,0.00402669685315904,0.0025959465680680527,0.006286362805131507,0.0022957884655714356,0.004788675499750816,0.0007138572299192347,0.005190873765118953,0.006960579552361734,0.003410301391423509
2008-07-01,0.0022957884655714356,0.004043040006866727,0.002683374220917356,0.006239681461285729,0.0022680185249570606,0.0047117897705579725,0.0007055886783371434,0.005230225269475142,0.00679055660230965,0.0035466588636137164
2008-08-01,0.0022957884655714356,0.004046387999160572,0.0026586924999798534,0.005896621694972293,0.0022592152231402096,0.004676805911935755,0.0007055886783371434,0.005285288923099429,0.006589212334230599,0.0035947364110451296
2008-09-01,0.0029435415760119543,0.00408942267862189,0.002697128345613198,0.005865370537434078,0.0024297649035271984,0.004764635888740987,0.0007221250300475379,0.0055130570181556315,0.006395193395115184,0.0036668052630131065
2008-10-01,0.003530627382636986,0.0041642069249769875,0.0027044091009371662,0.004891247198025805,0.002237532550875443,0.005007429688676401,0.000738658376514767,0.0055914663265468345,0.005990311139919768,0.0029758087216387175
2008-11-01,0.001945709215699809,0.0034651095074460514,0.002287662346924124,0.0038826709170549645,0.001039865410128682,0.003591131473675402,0.0007303920788652718,0.005009638250394799,0.005064834949770836,0.002628336958784505
2008-12-01,0.0014631676547709471,0.0027032765771914935,0.001913075204727166,0.003586725245666944,0.0005497265213700864,0.0026399137310133547,0.0006145849741192588,0.003786793663815624,0.0042572234018702915,0.001504160323205328
2009-01-01,0.0008460519545316902,0.0020243906731869377,0.0012969583317423705,0.0030644845397465037,0.00043783577545997154,0.0018804294971668245,0.000598029060451033,0.003032248764614831,0.0035787133767835044,0.001118098515767496
2009-02-01,0.0009615649919465508,0.0016050056873098129,0.001011025725442094,0.0025959465680680527,0.0004115670896389645,0.0017135905679881436,0.0005897499735032508,0.0028547479987741653,0.0027901164905321796,0.0007055886783371434
2009-03-01,0.0008873234469353175,0.0013528056818474798,0.0008790706459502751,0.0025959465680680527,0.00033548860123322477,0.0015101437090336844,0.0005400596211888598,0.002604045244918307,0.0026607158433307188,0.0003327237794097382
2009-04-01,0.000738658376514767,0.0011775929933122153,0.0007403115459170273,0.0025473393892132545,0.00033548860123322477,0.001228169737165885,0.0004986302478813265,0.0023607713389290907,0.0025635446626290914,0.00024965690741618474
2009-05-01,0.00047376356288175714,0.001061859825778999,0.0005255614869508207,0.0025716462189622202,0.0003313371854649638,0.0010790727200480354,0.00047376356288175714,0.001978331538843303,0.002320162474192866,0.00039082547622770747
2009-06-01,0.00032442050589875926,0.0010175360529740551,0.00047376356288175714,0.002668808767629649,0.00032857223742155384,0.0009992400238045818,0.00046547315684941637,0.00173337883251512,0.002287662346924124,0.00032442050589875926
2009-07-01,0.0002911998282955075,0.0008088915982771283,0.00032940256098146214,0.002579747055224013,0.000299506135519767,0.0008537298694366591,0.0004571819950607292,0.001545134543319504,0.0022957884655714356,0.00014987639212593606
2009-08-01,0.00024965690741618474,0.0007142706377714081,0.0003493280523771958,0.002709262614766672,0.0002635094263183646,0.0006611736978892058,0.0004488900773715887,0.001553327175071395,0.002271407935158676,0.0001332356553898073
2009-09-01,0.00020809499864316017,0.0006411509179931052,0.0003310631853574719,0.002765867856804771,0.00023995805727516917,0.0005127183521860257,0.0004488900773715887,0.0015942792801031391,0.0022795355034983533,0.00012491414476678564
2009-10-01,0.00019978033674417084,0.0006125156496903372,0.000322344569056332,0.003096708923229885,0.00021793026202310273,0.00046845779007664845,0.00044059740363810995,0.0016761282769228725,0.0022957884655714356,0.00014987639212593606
2009-11-01,0.00017483178814159395,0.0005948830961759466,0.00031819255319742723,0.003233535660337905,0.00020809499864316017,0.0004966411632485457,0.0004240097874610438,0.0016924892515723933,0.0023039138595752906,0.00014987639212593606
2009-12-01,0.0001831487316386049,0.0005914058511762299,0.00031611647417673083,0.0033774228859519972,0.00020948347309501791,0.0005045143685760145,0.00038252750614442554,0.001717025203279432,0.002287662346924124,0.00014155640446089635
2010-01-01,0.00016651408382073463,0.0005647425558303887,0.00031611647417673083,0.0034363854947516703,0.00020809499864316017,0.0004997076505617315,0.00037422877886217343,0.001855937535336194,0.002287662346924124,0.00016651408382073463
2010-02-01,0.00015819561853080977,0.0005497513706893553,0.00031196417394108167,0.003402274012677786,0.00020809499864316017,0.0004982158588366925,0.0003659292942366221,0.0018722662416574831,0.0022470208793048396,0.0001831487316386049
2010-03-01,0.0001914649144576508,0.0005359175329238131,0.00032442050589875926,0.0035366395181399835,0.00020532630066694146,0.0004987960029705363,0.0003576290521232206,0.0018967538135683526,0.0021982271766594064,0.0001914649144576508
2010-04-01,0.00024965690741618474,0.0005356690016296017,0.00040534510229828236,0.0037108193323807104,0.00020462787705111118,0.0004986302478813265,0.0003327237794097382,0.001970177053312705,0.0022144946478330763,0.00024134604527370485
2010-05-01,0.00037422877886217343,0.0005702911525629073,0.0004986302478813265,0.003918598934027573,9.023020833165418e-05,0.000552070610601918,0.00032442050589875926,0.002059836269842741,0.0023770098189335176,0.00023303442347044623
2010-06-01,0.00043230397371596396,0.0006043206626118458,0.0005996847874212285,0.003984430253855198,9.30107380929801e-05,0.0005851961544691697,0.00031611647417673083,0.0021982271766594064,0.0025230260752062694,0.00022472204186096967
2010-07-01,0.0003410262948544407,0.0007045964016427764,0.0006973193751587115,0.003946533172173083,0.00014294589535701618,0.0006228618011265841,0.0003078116840986578,0.0022144946478330763,0.002652622200430388,0.00032442050589875926
2010-08-01,0.000266276353299455,0.0007432045200881365,0.0007448576068835866,0.0038686950898030315,0.0001373961251101008,0.0006228618011265841,0.000299506135519767,0.00218195680041533,0.002668808767629649,0.00037422877886217343
2010-09-01,0.00023303442347044623,0.0007308054115866547,0.0009137273811092861,0.003926581017406505,0.0001484870071397637,0.0006265861275960294,0.000299506135519767,0.002173820522552772,0.002612143202231909,0.00043230397371596396
2010-10-01,0.00022472204186096967,0.0008276388305477056,0.0009553805095665613,0.003922590062980902,0.0001401668923299848,0.0006228618011265841,0.00028289276228066207,0.0021087041279623797,0.002612143202231909,0.000672506954615848
2010-11-01,0.00022472204186096967,0.0008642137175951525,0.0009677490540331846,0.004086076264443905,0.00014294589535701618,0.0006228618011265841,0.00028289276228066207,0.002067982733513718,0.002604045244918307,0.0009203271676554436
2010-12-01,0.00024965690741618474,0.0008474554927462297,0.0009764060349755077,0.004094043715570317,0.00014155640446089635,0.0006269999322361386,0.00028289276228066207,0.0021331282304062338,0.002604045244918307,0.0010604595907135472
2011-01-01,0.00024134604527370485,0.0008437401973329095,0.0009780548903548514,0.004038256947696439,0.00014155640446089635,0.0006464466272875224,0.00028289276228066207,0.0021331282304062338,0.0026202404401427515,0.0012332669717645128
2011-02-01,0.00023303442347044623,0.0009011039559880807,0.00098423783195134,0.00400835714788772,0.00014155640446089635,0.0006435505744648573,0.00028289276228066207,0.002149407328374542,0.0025716462189622202,0.0014385631912894326
2011-03-01,0.00023303442347044623,0.00097434492373627,0.0009813525114859,0.004010350772625237,0.00014987639212593606,0.0006485979211299231,0.00027969433953112244,0.002157545786668047,0.0022144946478330763,0.0014385631912894326
2011-04-01,0.0001914649144576508,0.0010943886349294996,0.000982176898096876,0.003994400555316968,0.0001540361004768176,0.0006642346436225299,0.00027696105276331373,0.0022144946478330763,0.00218195680041533,0.0014877654706024757
2011-05-01,0.00017483178814159395,0.0011798962850848582,0.000986298719130696,0.0040761159724713725,0.0001464070498133907,0.0006642346436225299,0.0002763628757047609,0.002238890409957728,0.002190092351739059,0.0015779006482814495
2011-06-01,0.0001831487316386049,0.0012321160082571225,0.0009698103146740245,0.004068146956286656,0.00014571649345995752,0.0007026118157842376,0.0002763628757047609,0.002344529964669828,0.00218195680041533,0.0015287470679612447
2011-07-01,0.00019978033674417084,0.0013216832236113696,0.0009698103146740245,0.004038256947696439,0.00014571649345995752,0.0007138572299192347,0.0002763628757047609,0.0024175933636538804,0.0022307592150201394,0.0014877654706024757
2011-08-01,0.00024134604527370485,0.0012843057896250176,0.0009566174396689053,0.003960497085711445,4.166571183628065e-06,0.0007364265501688116,0.00027339685633021027,0.0025473393892132545,0.0023851279739270925,0.001413952076400271
2011-09-01,0.0002745849373302356,0.0012714871354224666,0.0009533189220309879,0.003922590062980902,1.943958809524915e-05,0.0008017881135302662,0.0002739950528998225,0.0025311312339049152,0.0023688909406458514,0.0013072269593599195
2011-10-01,0.0003078116840986578,0.0013038589771627862,0.0009533189220309879,0.003854717121942075,3.6101164353263826e-05,0.0008443181421391444,0.0002739950528998225,0.0025311312339049152,0.002271407935158676,0.0012003765662376154
2011-11-01,0.0003410262948544407,0.0012289096760280671,0.0009615649919465508,0.0037728031443224896,4.304813958788678e-05,0.0008717250234631102,0.0002739950528998225,0.0025959465680680527,0.0022144946478330763,0.0012003765662376154
2011-12-01,0.0004074191453755649,0.0011807188751635778,0.0009491956068334861,0.0036808120427531676,4.304813958788678e-05,0.0009020115809306173,0.0002739950528998225,0.0024824894659052354,0.0022144946478330763,0.001134560077404645
2012-01-01,0.0003327237794097382,0.001012838774838487,0.0009615649919465508,0.003602746873047291,5.831462642125196e-05,0.000919172239564725,0.00027522466682383673,0.0022226272943570713,0.002255150623197144,0.0012907965990995862
2012-02-01,0.00024965690741618474,0.0008694139184699523,0.0009615649919465508,0.003570700804265803,7.219632539823273e-05,0.0009096847754459514,0.0002759723968912553,0.0021982271766594064,0.0022632796417700884,0.0013154410275031392
2012-03-01,0.00024134604527370485,0.0007126169950906203,0.0009533189220309879,0.0036287760184237072,9.162048384192545e-05,0.000891614607645641,0.0002759723968912553,0.0020027906163269105,0.002255150623197144,0.0012332669717645128
2012-04-01,0.00024134604527370485,0.0006181441020249867,0.0009512572877874437,0.0034363854947516703,9.30107380929801e-05,0.0008756042463105018,0.0002759723968912553,0.001913075204727166,0.002255150623197144,0.0011921521074573782
2012-05-01,0.00024134604527370485,0.0005689661452994432,0.0009764060349755077,0.002995969890523309,8.121371400737765e-05,0.000841345815454364,0.0002759723968912553,0.001913075204727166,0.0021331282304062338,0.0011427897418165855
2012-06-01,0.000266276353299455,0.0005474320716400971,0.0009615649919465508,0.0028648425342445716,7.247110668351375e-05,0.0008012925008740179,0.00027836509179035573,0.0019293936717392768,0.002149407328374542,0.0010275066643834485
2012-07-01,0.00024965690741618474,0.00041322621437478446,0.0009615649919465508,0.0029072273823647077,4.99862552685304e-05,0.0007160896100035785,0.0002723167692235684,0.001847772084249577,0.0021982271766594064,0.000912077359674468
2012-08-01,0.00021640890030050208,0.0002765788845409123,0.0009615649919465508,0.0029657264652305226,3.8325253763238365e-05,0.0005854445504767103,0.0002723167692235684,0.0017579037712718293,0.002173820522552772,0.0009533189220309879
2012-09-01,0.00019978033674417084,0.00020501866235456134,0.0009615649919465508,0.0028628237165644332,3.6659274300188116e-05,0.0005332664974404544,0.0002723167692235684,0.00161884170512816,0.002173820522552772,0.0008625627980207717
2012-10-01,0.0001914649144576508,0.0001730851333492378,0.0009615649919465508,0.002597971304744595,2.666275635498927e-05,0.0004447438350194677,0.0002715607006156251,0.001586090332465151,0.00218195680041533,0.0008130212763268752
2012-11-01,0.0001914649144576508,0.00015985937247320336,0.0009615649919465508,0.002662739141769288,2.4996563158685703e-05,0.00041853521014356687,0.0002647641093462827,0.001586090332465151,0.002173820522552772,0.0008790706459502751
2012-12-01,0.00019978033674417084,0.0001543688689238376,0.0009615649919465508,0.0025574680227520297,9.99945004220848e-06,0.00041571484472902043,0.0002564546278953639,0.001545134543319504,0.00218195680041533,0.0008377954090970086
2013-01-01,0.0001914649144576508,0.00017058985401186,0.0009615649919465508,0.0024682973918785933,1.833148498198156e-05,0.0004096590587743254,0.000242858678727087,0.0015369411743291206,0.002190092351739059,0.0007965014393356284
2013-02-01,0.0001831487316386049,0.0001859763191378594,0.0009615649919465508,0.002421650724244495,1.833148498198156e-05,0.0004074191453755649,0.00022396557741255485,0.001569710227413701,0.002190092351739059,0.0008130212763268752
2013-03-01,0.00017483178814159395,0.00017158797396432668,0.0009615649919465508,0.0025027600243381354,1.833148498198156e-05,0.0004045154718235189,0.00020809499864316017,0.0015287470679612447,0.002173820522552772,0.0008047617327739953
2013-04-01,0.00016651408382073463,0.00017391687791112886,0.0009615649919465508,0.0024804621620653222,1.6665139084048874e-05,0.00040327101192083603,0.00018995142580147117,0.001504160323205328,0.00218195680041533,0.000788240395869666
2013-05-01,0.00016651408382073463,0.00016751224851541124,0.0009615649919465508,0.0023181315558149507,1.3332355655482075e-05,0.00040327101192083603,0.00018995142580147117,0.0014549669057570824,0.002173820522552772,0.0007634527638813449
2013-06-01,0.00015819561853080977,0.00017508130751564543,0.0009615649919465508,0.0023059450948663684,1.6665139084048874e-05,0.00040327101192083603,0.00018995142580147117,0.0014303602255574255,0.002173820522552772,0.0007634527638813449
2013-07-01,0.00011659187244639213,0.00018431304302279905,0.0009665122752364752,0.0022693759297900407,1.6665139084048874e-05,0.00040235839716951105,0.0001898017387411688,0.0013975409693907093,0.002173820522552772,0.0007717160582849658
2013-08-01,9.994504212973432e-05,0.00018805537149657603,0.0009698103146740245,0.0021412681429993086,1.4998762642326469e-05,0.00040327101192083603,0.0001898017387411688,0.001422156520640705,0.002173820522552772,0.0007717160582849658
2013-09-01,9.162048384192545e-05,0.0001858099928955248,0.0009698103146740245,0.0021209169976863507,1.833148498198156e-05,0.0004099908931045615,0.0001898017387411688,0.001413952076400271,0.00218195680041533,0.000738658376514767
2013-10-01,9.994504212973432e-05,0.00018780588772360218,0.0009648632106922239,0.002127022818643187,1.5831954681244653e-05,0.0004115670896389645,0.00018398038414879636,0.0013975409693907093,0.0021982271766594064,0.0007634527638813449
2013-11-01,9.994504212973432e-05,0.0001859763191378594,0.0009698103146740245,0.002129058001360651,1.2499140707333822e-05,0.00041712503836910386,0.0001831487316386049,0.0013756548900727417,0.002190092351739059,0.0007634527638813449
2013-12-01,0.00011659187244639213,0.0002276314618614439,0.0009689424208005892,0.002145337826580551,1.916464647733207e-05,0.00044349992545389405,0.0001831487316386049,0.0013716226705380308,0.0022470208793048396,0.0006807785134408384
2014-01-01,9.994504212973432e-05,0.00024300827847056894,0.0009698103146740245,0.002157545786668047,1.4998762642326469e-05,0.00044209014071272534,0.0001831487316386049,0.0013639635784701287,0.0023688909406458514,0.0006063073939419628
2014-02-01,0.00010826883828274347,0.0002397668955915755,0.0009698103146740245,0.002165683518015493,1.833148498198156e-05,0.0004396022319770321,0.0001764952377021345,0.0014049263336504136,0.00240947810048997,0.0006063073939419628
2014-03-01,9.994504212973432e-05,0.00025406135639705063,0.0009698103146740245,0.002190092351739059,1.833148498198156e-05,0.00044059740363810995,0.0001764952377021345,0.0014119985286220604,0.002506813595049895,0.0006063073939419628
2014-04-01,9.994504212973432e-05,0.00027433569085455467,0.0009698103146740245,0.002206361275312263,1.4165562967072276e-05,0.0004422559988752628,0.0001764952377021345,0.0014484921082535962,0.0026607158433307188,0.0005814701329551752
2014-05-01,9.162048384192545e-05,0.0002700983962407033,0.0009760919642110011,0.0022144946478330763,9.99945004220848e-06,0.0004571819950607292,0.00017483178814159395,0.0015033406506879121,0.0027739514514073527,0.00054834323189068
2014-06-01,9.162048384192545e-05,0.00020094443518203775,0.0009733437954826396,0.0022226272943570713,6.666422234680169e-06,0.0004571819950607292,0.00017483178814159395,0.0014910446773148678,0.0028870465787962374,0.00048205321330185846
2014-07-01,0.00010826883828274347,0.00017067303109308263,0.0009698103146740245,0.00218195680041533,1.4998762642326469e-05,0.0004561040885102674,0.00017483178814159395,0.0014182327480036783,0.0030080644524299593,0.00021640890030050208
2014-08-01,0.00010826883828274347,0.00015952662412033192,0.0009698103146740245,0.002165683518015493,1.4998762642326469e-05,0.0004530361307126807,0.00017483178814159395,0.001424109850457267,0.003024188039900011,0.0001831487316386049
2014-09-01,9.994504212973432e-05,8.088067770262164e-05,0.0009698103146740245,0.002190092351739059,4.99986250535045e-06,0.0004575965711015595,0.00017483178814159395,0.0014064928491224205,0.0030403087768253734,0.00015819561853080977
2014-10-01,9.994504212973432e-05,6.880728792424406e-05,0.0009698103146740245,0.002238890409957728,1.2499140707333822e-05,0.00045104604869639076,0.00015985937247320336,0.0013447199357652373,0.0030161266025487965,0.00011659187244639213
2014-11-01,0.00010826883828274347,6.73916820410625e-05,0.0009741496582322817,0.0022632796417700884,8.33329513838521e-07,0.00044059740363810995,0.00015154029830299898,0.0013720979054616667,0.0030080644524299593,4.165712110459907e-05
2014-12-01,0.00012491414476678564,6.73916820410625e-05,0.0009851210753821782,0.0022632796417700884,-5.2515165479438686e-05,0.00044059740363810995,0.00014904442761864978,0.0012698435876561387,0.0030080644524299593,4.99862552685304e-05
2015-01-01,0.0001332356553898073,5.223499066842052e-05,0.0009309329648183873,0.0022226272943570713,-0.0007144675423352842,0.00044059740363810995,0.00014405248070148424,0.0011494513060312794,0.0030080644524299593,9.162048384192545e-05
2015-02-01,0.00012491414476678564,4.0157795912154626e-05,0.000738658376514767,0.001945709215699809,-0.0007111079613304483,0.00044059740363810995,0.00014155640446089635,0.0011427897418165855,0.0029758087216387175,-1.6668194639635203e-05
2015-03-01,0.00011659187244639213,2.2663841379833016e-05,0.0007416641170210347,0.0018967538135683526,-0.0006808773218623942,0.00044059740363810995,0.00014155640446089635,0.0011427897418165855,0.0029758087216387175,-9.171291444953766e-05
2015-04-01,0.00010826883828274347,3.916582297591731e-06,0.0007469239231387981,0.001855937535336194,-0.0006607291494878931,0.00044059740363810995,0.00014155640446089635,0.00121682325463901,0.0029758087216387175,-0.00021692529081551726
2015-05-01,0.00012491414476678564,-8.667079805180222e-06,0.000738658376514767,0.001774250061985505,-0.0006607291494878931,0.0004488900773715887,0.00014155640446089635,0.0012332669717645128,0.002895119436268523,-0.0002252789187523474
2015-06-01,0.00014987639212593606,-1.1584071353709646e-05,0.000738658376514767,0.001774250061985505,-0.0006607291494878931,0.0004571819950607292,0.00014155640446089635,0.001118098515767496,0.0027335263083605454,-0.00026705857925313214
2015-07-01,0.00015819561853080977,-1.558466911444345e-05,0.0006145849741192588,0.0017660772833825167,-0.0006187681363896136,0.00047376356288175714,0.00014155640446089635,0.0010522224777222977,0.0025716462189622202,-0.00040088270814764293
2015-08-01,0.00021640890030050208,-2.308626447355966e-05,0.000506917632328463,0.0017660772833825167,-0.0006019891560883339,0.00047376356288175714,0.00014155640446089635,0.0009945418011427787,0.0024257079041964946,-0.000384143910967083
2015-09-01,0.00022472204186096967,-3.0838563389146145e-05,0.0005400596211888598,0.0017905934192179451,-0.0010476826474795642,0.00047376356288175714,0.00014155640446089635,0.0009615649919465508,0.002344529964669828,-0.00040088270814764293
2015-10-01,0.00020809499864316017,-4.4677643536883416e-05,0.0005400596211888598,0.001774250061985505,-0.0006103782588930962,0.00047376356288175714,0.00014155640446089635,0.0009203271676554436,0.0023526510136486767,-0.00036740819646374767
2015-11-01,0.00024965690741618474,-7.302932591402023e-05,0.0006311378751067132,0.0018314389855391688,-0.0006943119196903824,0.00047376356288175714,0.00014155640446089635,0.0009533189220309879,0.0023770098189335176,-0.00030049614149696424
2015-12-01,0.0004488900773715887,-0.00010531097580179782,0.0006807785134408384,0.0019293936717392768,-0.0006355502160568793,0.00047376356288175714,0.00014155640446089635,0.0009450721047856714,0.0022957884655714356,-0.00031721953715246887
2016-01-01,0.00047376356288175714,-0.00012183160302348117,0.0006642346436225299,0.0018967538135683526,-0.0006355502160568793,0.00047376356288175714,0.00014155640446089635,0.0009615649919465508,0.0022470208793048396,-0.000384143910967083
2016-02-01,0.0004488900773715887,-0.00015312890072560759,0.0006642346436225299,0.0018804294971668245,-0.0006691236782786492,0.00047376356288175714,8.329516327321151e-05,0.0009038268036556385,0.002157545786668047,-0.000417624589193033
2016-03-01,0.0004571819950607292,-0.00019061638006889758,0.0006642346436225299,0.0019049148747345424,-0.0006103782588930962,0.00047376356288175714,8.329516327321151e-05,0.0008460519545316902,0.0020027906163269105,-0.0004930012485980795
2016-04-01,0.0004571819950607292,-0.00020790423493144417,0.0006973193751587115,0.0018641022544263475,-0.0006103782588930962,0.00047376356288175714,4.99862552685304e-05,0.0008130212763268752,0.0019293936717392768,-0.0004930012485980795
2016-05-01,0.00047376356288175714,-0.00021458641257321442,0.0006973193751587115,0.0016597643621756308,-0.0006187681363896136,0.00047376356288175714,4.99862552685304e-05,0.0008130212763268752,0.0019620218377029985,-0.0005013802940021517
2016-06-01,0.0004571819950607292,-0.00022352459319674445,0.000689049320240942,0.0016433975062259965,-0.0006523353962871736,0.00046547315684941637,4.99862552685304e-05,0.0008460519545316902,0.0019538658918776264,-0.000526522067316959
2016-07-01,0.0005152042617388997,-0.00024574855265713236,0.000672506954615848,0.0015942792801031391,-0.0006271587887277663,0.0004488900773715887,4.99862552685304e-05,0.0008377954090970086,0.0019538658918776264,-0.0005600552572093687
2016-08-01,0.0006063073939419628,-0.00024884028585103746,0.0006807785134408384,0.0014549669057570824,-0.0006187681363896136,0.00039082547622770747,4.99862552685304e-05,0.0008955754994564025,0.001847772084249577,-0.0006187681363896136
2016-09-01,0.0006228618011265841,-0.0002516814307056414,0.000672506954615848,0.0014303602255574255,-0.0006271587887277663,0.000299506135519767,4.99862552685304e-05,0.0009038268036556385,0.0018396059010297172,-0.0006271587887277663
2016-10-01,0.000598029060451033,-0.0002578654059488539,0.0006807785134408384,0.0014467654179763922,-0.0006103782588930962,0.0003078116840986578,4.99862552685304e-05,0.0009203271676554436,0.001774250061985505,-0.0006271587887277663
2016-11-01,0.0005897499735032508,-0.0002609575513644602,0.0006807785134408384,0.0014549669057570824,-0.0006271587887277663,0.00031611647417673083,4.99862552685304e-05,0.000912077359674468,0.0017088472872288651,-0.0006607291494878931
2016-12-01,0.0007221250300475379,-0.00026354834879216416,0.0006807785134408384,0.0014713676651572083,-0.0006103782588930962,0.00031611647417673083,4.99862552685304e-05,0.0009615649919465508,0.0016761282769228725,-0.0006607291494878931
2017-01-01,0.0007469239231387981,-0.00027165551464347626,0.0007221250300475379,0.0014713676651572083,-0.0006103782588930962,0.0002911998282955075,4.99862552685304e-05,0.0008955754994564025,0.001635212974954614,-0.0006439424185268328
2017-02-01,0.0007221250300475379,-0.000274246617053886,0.0007303920788652718,0.0014713676651572083,-0.0006103782588930962,0.00028289276228066207,4.99862552685304e-05,0.0008460519545316902,0.0016679466871305504,-0.0005768264943297741
2017-03-01,0.0008130212763268752,-0.00027483171491882175,0.0007055886783371434,0.0014795669370546438,-0.0006103782588930962,0.0002745849373302356,4.99862552685304e-05,0.0007965014393356284,0.001635212974954614,-0.000526522067316959
2017-04-01,0.0008543077507923158,-0.00027575116203126804,0.0006973193751587115,0.0014631676547709471,-0.0006103782588930962,0.0002745849373302356,4.99862552685304e-05,0.0008130212763268752,0.0016270277079681872,-0.000526522067316959
2017-05-01,0.0008708170963593886,-0.0002749988864292341,0.0006642346436225299,0.0014303602255574255,-0.0006103782588930962,0.0002745849373302356,4.99862552685304e-05,0.0007469239231387981,0.001635212974954614,-0.000518140703212544
2017-06-01,0.0009615649919465508,-0.0002754168165505222,0.000672506954615848,0.001422156520640705,-0.0006103782588930962,0.000266276353299455,4.99862552685304e-05,0.0007221250300475379,0.0016106549662961989,-0.0005600552572093687
2017-07-01,0.001011025725442094,-0.00027575116203126804,0.0009285762277395637,0.0014057468926966799,-0.0006103782588930962,0.000266276353299455,6.66422347088691e-05,0.0006973193751587115,0.00161884170512816,-0.0006271587887277663
2017-08-01,0.0010357460146983577,-0.00027466454371583016,0.0009945418011427787,0.0014057468926966799,-0.0006103782588930962,0.0002579670100431031,4.99862552685304e-05,0.0006642346436225299,0.0016106549662961989,-0.0006103782588930962
2017-09-01,0.0010357460146983577,-0.0002749153006355032,0.0010934005891671816,0.001422156520640705,-0.0006103782588930962,0.000266276353299455,4.99862552685304e-05,0.0006642346436225299,0.0016106549662961989,-0.0005936008278257798
2017-10-01,0.0010439846190974933,-0.0002749988864292341,0.00110163397610763,0.0014057468926966799,-0.0006103782588930962,0.0002911998282955075,4.99862552685304e-05,0.0006807785134408384,0.0016024674913339698,-0.0005684404887973393
2017-11-01,0.0010934005891671816,-0.00027458095822974204,0.00110163397610763,0.001422156520640705,-0.0006271587887277663,0.0003659292942366221,4.99862552685304e-05,0.0006476877645593682,0.0015942792801031391,-0.0005936008278257798
2017-12-01,0.0012661454966749197,-0.0002736615229557149,0.0011362927000455603,0.0014631676547709471,-0.0006271587887277663,0.00041571484472902043,5.248484672382148e-05,0.000689049320240942,0.001553327175071395,-0.0006271587887277663
2018-01-01,0.00138112690341341,-0.00027416303195204605,0.0012848211874949556,0.0014795669370546438,-0.000622963365694118,0.00041571484472902043,5.831462642125196e-05,0.0006973193751587115,0.001553327175071395,-0.0005768264943297741
2018-02-01,0.0014713676651572083,-0.00027416303195204605,0.0012825803067024744,0.0014631676547709471,-0.0006187681363896136,0.00041571484472902043,5.831462642125196e-05,0.0007717160582849658,0.0015779006482814495,-0.0005516707994166481
2018-03-01,0.001717025203279432,-0.0002736615229557149,0.001323654354508319,0.0015942792801031391,-0.0006187681363896136,0.00047376356288175714,8.079741843580734e-05,0.0008873234469353175,0.0015942792801031391,-0.0005516707994166481
2018-04-01,0.001815102957196446,-0.00027416303195204605,0.0013565002539421833,0.0017006686367058155,-0.0006103782588930962,0.0005814701329551752,8.079741843580734e-05,0.0009450721047856714,0.0016597643621756308,-0.0005516707994166481
2018-05-01,0.001782422107218018,-0.00027140476671760894,0.001364709877352599,0.00161884170512816,-0.0006103782588930962,0.0005755909886144828,6.497677407346636e-05,0.0008873234469353175,0.0016679466871305504,-0.0005852132739561089
2018-06-01,0.0018069338440696026,-0.0002687301652202212,0.001364709877352599,0.0017088472872288651,-0.0006103782588930962,0.0005400596211888598,6.497677407346636e-05,0.0008377954090970086,0.0016597643621756308,-0.0005768264943297741
2018-07-01,0.0017905934192179451,-0.00026764363084441634,0.0014877654706024757,0.0016679466871305504,-0.0006019891560883339,0.0005647011471197061,7.580172289034515e-05,0.0008625627980207717,0.0016024674913339698,-0.0005600552572093687
2018-08-01,0.0018069338440696026,-0.0002662227977986431,0.0015123566425381263,0.00161884170512816,-0.0006103782588930962,0.0006696117313345074,7.580172289034515e-05,0.0008625627980207717,0.0015779006482814495,-0.0005684404887973393
2018-09-01,0.001847772084249577,-0.00026605564242998536,0.001545134543319504,0.0015942792801031391,-0.0006187681363896136,0.0006642346436225299,4.165712110459907e-05,0.0009038268036556385,0.001569710227413701,-0.0006103782588930962
2018-10-01,0.0019538658918776264,-0.00026513629339808276,0.0016623679088101362,0.0015942792801031391,-0.0006187681363896136,0.0006642346436225299,4.165712110459907e-05,0.0009038268036556385,0.0015615190697231274,-0.0005852132739561089
2018-11-01,0.0021087041279623797,-0.0002640498019861326,0.0017579037712718293,0.0016024674913339698,-0.0006187681363896136,0.000689049320240942,4.165712110459907e-05,0.0009945418011427787,0.001635212974954614,-0.0006103782588930962
2018-12-01,0.0022144946478330763,-0.0002604561152314,0.0018069338440696026,0.0016679466871305504,-0.0005936008278257798,0.000738658376514767,4.165712110459907e-05,0.0010604595907135472,0.001635212974954614,-0.0005516707994166481
2019-01-01,0.0021331282304062338,-0.0002570297090300766,0.001774250061985505,0.0017088472872288651,-0.0005936008278257798,0.0007551887188801398,2.4996563158685703e-05,0.0010439846190974933,0.0015779006482814495,-0.00036740819646374767
2019-02-01,0.002051689077593899,-0.0002573639868754807,0.0016433975062259965,0.00161884170512816,-0.0005982981962380229,0.0007551887188801398,2.4996563158685703e-05,0.0010522224777222977,0.001569710227413701,-0.0003339460107422143
2019-03-01,0.002043541156630635,-0.00025803254625467176,0.0015369411743291206,0.0015123566425381263,-0.0005936008278257798,0.0006973193751587115,4.165712110459907e-05,0.0011098666182609573,0.001553327175071395,-0.0003339460107422143
2019-04-01,0.0020353925068166134,-0.0002591189657350501,0.0015369411743291206,0.0013893343063426933,-0.0005936008278257798,0.0006807785134408384,4.165712110459907e-05,0.0011592468385308585,0.0014959632659397037,-0.0003339460107422143
2019-05-01,0.002010942182907316,-0.00026028897046848076,0.001545134543319504,0.0012743632726075482,-0.0005936008278257798,0.0006642346436225299,4.082416571704606e-05,0.0012086002819180486,0.001422156520640705,-0.0003339460107422143
2019-06-01,0.0018967538135683526,-0.00027449737282048137,0.0015205522240770986,0.0010686959582126843,-0.0006103782588930962,0.0006476877645593682,4.082416571704606e-05,0.001249707718735893,0.001323654354508319,-0.0003339460107422143
2019-07-01,0.0018314389855391688,-0.0003045930888262438,0.0015205522240770986,0.0009203271676554436,-0.0006439424185268328,0.0006394131962033089,4.082416571704606e-05,0.001299012149938772,0.0012825803067024744,-0.0003339460107422143
2019-08-01,0.0017006686367058155,-0.00034038652394108304,0.0015205522240770986,0.0008130212763268752,-0.0007195071468104608,0.0006311378751067132,7.4996906427315935e-06,0.001331866940514903,0.0010357460146983577,-0.0003590414948451137
2019-09-01,0.0016761282769228725,-0.0003486678545090438,0.0015123566425381263,0.0008130212763268752,-0.0006355502160568793,0.0006394131962033089,7.4996906427315935e-06,0.0014057468926966799,0.0009533189220309879,-0.0003423104021325063
2019-10-01,0.001553327175071395,-0.0003447362196442594,0.0015205522240770986,0.0007303920788652718,-0.0006355502160568793,0.0006476877645593682,7.4996906427315935e-06,0.0014959632659397037,0.0008708170963593886,-0.0003590414948451137
2019-11-01,0.0014631676547709471,-0.0003350333380887083,0.0015205522240770986,0.0007551887188801398,-0.0006019891560883339,0.0006559615803181096,1.4998762642326469e-05,0.0015287470679612447,0.0009780548903548514,-0.000392512924148547
2019-12-01,0.0014549669057570824,-0.0003295131954219599,0.0015779006482814495,0.0007469239231387981,-0.0005768264943297741,0.0006559615803181096,1.7498315850961177e-05,0.0015287470679612447,0.0010192665680117674,-0.000392512924148547
2020-01-01,0.001364709877352599,-0.0003265023498325581,0.0015779006482814495,0.000738658376514767,-0.0005768264943297741,0.0006145849741192588,1.7498315850961177e-05,0.0015123566425381263,0.0010522224777222977,-0.00014177716864693934
2020-02-01,0.0013154410275031392,-0.0003413066345164806,0.0014795669370546438,0.000738658376514767,-0.0006187681363896136,0.0006228618011265841,1.7498315850961177e-05,0.0014467654179763922,0.0009780548903548514,-0.00012508601994698498
2020-03-01,0.001118098515767496,-0.0003500063222084959,0.0010522224777222977,0.00044059740363810995,-0.0005516707994166481,0.00044059740363810995,4.99986250535045e-06,0.0011674742711142994,0.0005897499735032508,-0.00012508601994698498
2020-04-01,,-0.00021191348256377474,0.0004074191453755649,0.00014155640446089635,-0.0004846229757962117,0.0005400596211888598,-3.250581082292481e-05,0.0006311378751067132,0.00032442050589875926,-0.00014177716864693934
2020-05-01,0.00014155640446089635,-0.00022536245890913964,0.00028289276228066207,8.329516327321151e-05,-0.0005432871152698526,0.0002745849373302356,-3.5006739308451884e-05,0.00024965690741618474,0.00021640890030050208,-0.0001167415948053474
2020-06-01,0.00016651408382073463,-0.00031387461182452725,0.0002579670100431031,8.329516327321151e-05,-0.0005684404887973393,0.00015819561853080977,-3.5006739308451884e-05,0.00028289276228066207,0.00023303442347044623,-6.669112361223917e-05
2020-07-01,0.00014987639212593606,-0.00037016937704881236,0.00023303442347044623,8.329516327321151e-05,-0.0005936008278257798,8.329516327321151e-05,-5.4182810524050495e-05,0.000266276353299455,0.00024965690741618474,-6.669112361223917e-05
2020-08-01,0.00012491414476678564,-0.00040063160341086146,0.00021640890030050208,8.329516327321151e-05,-0.0006019891560883339,5.831462642125196e-05,-5.4182810524050495e-05,0.00023303442347044623,0.00024134604527370485,-0.00010005504220356176
2020-09-01,0.00010826883828274347,-0.00041009036101835594,0.00020809499864316017,7.496908027748717e-05,-0.0006523353962871736,4.99862552685304e-05,-4.584489121428614e-05,0.00022472204186096967,0.00024965690741618474,-0.00010839793560657451
2020-10-01,9.994504212973432e-05,-0.000424740822760894,0.00020409442828883684,5.831462642125196e-05,-0.0006439424185268328,4.165712110459907e-05,-4.584489121428614e-05,0.0002745849373302356,0.00022472204186096967,-0.00010839793560657451
2020-11-01,0.0001332356553898073,-0.0004348719519506883,0.00019766182393965437,1.6665139084048874e-05,-0.0006556928045062804,3.3327223783574667e-05,-4.584489121428614e-05,0.000299506135519767,0.00022472204186096967,-0.00010005504220356176
2020-12-01,0.00014155640446089635,-0.0004495264099567686,0.00019978033674417084,1.6665139084048874e-05,-0.0006355502160568793,2.4996563158685703e-05,-4.584489121428614e-05,0.0004074191453755649,0.00021640890030050208,-0.00015012389249957625
2021-01-01,0.00011659187244639213,-0.00045714766221494063,0.0001656384913828468,8.332951413336787e-06,-0.0006355502160568793,2.4996563158685703e-05,-4.584489121428614e-05,0.0003991226892567923,0.00023303442347044623,-0.00012508601994698498
2021-02-01,9.162048384192545e-05,-0.00045254133443273226,0.00014824481020458968,8.332951413336787e-06,-0.0006271587887277663,4.165712110459907e-05,-5.001375527313723e-05,0.00037422877886217343,0.00023303442347044623,-0.00010839793560657451
2021-03-01,8.329516327321151e-05,-0.0004503638789438158,0.00015623076494630794,2.4996563158685703e-05,-0.0006271587887277663,6.66422347088691e-05,-5.4182810524050495e-05,0.00031611647417673083,0.0002745849373302356,-0.00013343121117848078
2021-04-01,9.162048384192545e-05,-0.00044961015650812897,0.00015243485409111024,3.3327223783574667e-05,-0.0006271587887277663,7.496908027748717e-05,-5.83520569852336e-05,0.00024965690741618474,0.00028289276228066207,-0.00012508601994698498
2021-05-01,8.329516327321151e-05,-0.00045120135564924446,0.00015216950980057042,3.3327223783574667e-05,-0.0006187681363896136,6.66422347088691e-05,-5.4182810524050495e-05,0.00019978033674417084,0.0002911998282955075,-0.00012508601994698498
2021-06-01,7.496908027748717e-05,-0.0004535463314879751,0.00015373120031814125,2.4996563158685703e-05,-0.0006301796132793802,6.66422347088691e-05,-6.0019809112743516e-05,0.00016651408382073463,0.0002745849373302356,-0.00013343121117848078
2021-07-01,8.329516327321151e-05,-0.0004551375995579532,0.00016919772121837262,1.6665139084048874e-05,-0.0006355502160568793,6.66422347088691e-05,-6.0019809112743516e-05,0.000266276353299455,0.0003327237794097382,-0.00013343121117848078
2021-08-01,8.329516327321151e-05,-0.00045748267698064726,0.00017606898165212215,8.332951413336787e-06,-0.0006439424185268328,5.831462642125196e-05,-6.0019809112743516e-05,0.0003493280523771958,0.0004488900773715887,-0.00013343121117848078
2021-09-01,8.329516327321151e-05,-0.00045530510308111616,0.0001843948943838214,8.332951413336787e-06,-0.0006375642739511189,5.831462642125196e-05,-6.0019809112743516e-05,0.0005566260882747809,0.00047376356288175714,-0.00014177716864693934
2021-10-01,9.162048384192545e-05,-0.000459325280271039,0.00019158175140820966,3.3327223783574667e-05,-0.0006439424185268328,0.0001332356553898073,-6.0019809112743516e-05,0.0006145849741192588,0.0005814701329551752,-0.00017516866383360252
2021-11-01,0.00011659187244639213,-0.0004738161448123446,0.00021579993280518295,3.3327223783574667e-05,-0.0006523353962871736,0.00010826883828274347,-6.0019809112743516e-05,0.000689049320240942,0.000689049320240942,-0.000292135597524501
2021-12-01,0.00014155640446089635,-0.0004862985685555321,0.00022472204186096967,4.99862552685304e-05,-0.0006271587887277663,0.0001332356553898073,-4.084250669134093e-05,0.0008460519545316902,0.0007551887188801398,-0.00031721953715246887
2022-01-01,0.0001831487316386049,-0.00046795251086095835,0.0003782319172045412,5.831462642125196e-05,,0.00044059740363810995,-4.167621832917856e-05,0.000912077359674468,0.0008543077507923158,-0.00013343121117848078
2022-02-01,0.00031611647417673083,-0.00044399930821037437,0.0005093120850483412,5.831462642125196e-05,,0.000672506954615848,-4.167621832917856e-05,0.0009698103146740245,0.0010027841365327639,-0.0001167415948053474
2022-03-01,0.0006063073939419628,-0.00041486196633067074,0.0007190509992351934,0.00014155640446089635,,0.0008212800701368206,-4.084250669134093e-05,0.0010934005891671816,0.0012332669717645128,-0.0001835184546945534
2022-04-01,0.0007551887188801398,-0.00037401843542705926,0.0011051320731152448,0.0003410262948544407,,0.0009368245400691588,-4.084250669134093e-05,0.0010522224777222977,0.0014959632659397037,-8.337155219761971e-05
2022-05-01,0.00110163397610763,-0.0003219862684709085,0.0014729208984451958,0.0008295381143461622,,0.0010851664572986142,-4.084250669134093e-05,0.0010275066643834485,0.0018314389855391688,0.0002579670100431031
2022-06-01,0.001545134543319504,-0.0001995522036659647,0.0018416867916097868,0.001323654354508319,,0.001299012149938772,4.166571183628065e-06,0.0013893343063426933,0.002206361275312263,0.0004240097874610438
2022-07-01,0.002059836269842741,3.04948848210973e-05,0.002468627355931785,0.0017088472872288651,,0.0015205522240770986,-2.50034381590325e-05,0.001847772084249577,0.0024905982303202734,0.0006476877645593682
2022-08-01,0.002271407935158676,0.0003283231388753194,0.002766542671985839,0.0019049148747345424,,0.0018396059010297172,-1.6668194639635203e-05,0.0021412681429993086,0.002717351230255627,0.0009368245400691588
2022-09-01,0.002636432758290619,0.0008385385288685043,0.003106315225264167,0.002271407935158676,,0.0023932454057613572,-1.6668194639635203e-05,0.0024175933636538804,0.0029838737241476565,0.001249707718735893
2022-10-01,0.0031530742084739938,0.0011820350038262983,0.003459119532051469,0.0024257079041964946,,0.002782034329272154,-1.3334311211088412e-05,0.0027335263083605454,0.0032737397821989145,0.001323654354508319
2022-11-01,0.0036427886369352347,0.0015084225013435315,0.0035715189626446264,0.0025149201956327083,,0.0028870465787962374,-1.3334311211088412e-05,0.0028789730064431307,0.0034664732719604796,0.0013893343063426933
2022-12-01,0.0036828128357737633,0.001705821272145469,0.0037148195588312394,0.002604045244918307,,0.003096708923229885,-1.250085945736501e-05,0.0026769009734601834,0.0036988176007033413,0.0016679466871305504
2023-01-01,0.0037628086026935126,0.0019333912503132211,0.003885708180165981,0.0027254391280759904,,0.003281778480337616,,0.0026849924609559928,0.003922590062980902,0.002190092351739059
